{
    "A": {
        "means": {
            "BLUE": 0.06684231199466296,
            "GREEN": 0.09696343437654102,
            "RED": 0.11445721973766625,
            "SWIR1": 0.2393507853634005,
            "SWIR2": 0.1701537813022257,
            "TEMP1": 280.5676184863224,
            "NIR": 0.23841668743408892,
            "DMSP": 14.234048369836128,
            "VIIRS": 6.787711373070422
        },
        "stds": {
            "BLUE": 0.037217851801996195,
            "GREEN": 0.05203867999611473,
            "RED": 0.07314597726345774,
            "SWIR1": 0.12428321144536297,
            "SWIR2": 0.10859388700997985,
            "TEMP1": 72.85988053050329,
            "NIR": 0.09210022586079246,
            "DMSP": 19.901891306872635,
            "VIIRS": 20.224834166604715
        },
        "mins": {
            "BLUE": 0.0,
            "GREEN": 0.0,
            "RED": 0.0,
            "SWIR1": 0.0,
            "SWIR2": 0.0,
            "TEMP1": 0.0,
            "NIR": 0.0,
            "DMSP": 1.0,
            "VIIRS": 0.0
        },
        "maxs": {
            "BLUE": 2.0,
            "GREEN": 2.0,
            "RED": 2.0,
            "SWIR1": 2.0,
            "SWIR2": 2.0,
            "TEMP1": 339.1000061035156,
            "NIR": 2.0,
            "DMSP": 63.0,
            "VIIRS": 3104.14013671875
        },
        "norm_mins": {
            "BLUE": -1.7959744788676344,
            "GREEN": -1.8632954253217113,
            "RED": -1.5647780509571068,
            "SWIR1": -1.9258496990852476,
            "SWIR2": -1.5668817645931437,
            "TEMP1": -3.850783400184973,
            "NIR": -2.5886656108145782,
            "DMSP": -0.6649643576973044,
            "VIIRS": -0.3356127084729478
        },
        "norm_maxs": {
            "BLUE": 51.94167837224961,
            "GREEN": 36.56965483685485,
            "RED": 25.777805571876787,
            "SWIR1": 14.166428386915404,
            "SWIR2": 16.850361185888946,
            "TEMP1": 0.8033555255788303,
            "NIR": 19.126807736915943,
            "DMSP": 2.4503174536645034,
            "VIIRS": 153.14599861886796
        }
    },
    "B": {
        "means": {
            "BLUE": 0.06358255209583435,
            "GREEN": 0.09224383608794955,
            "RED": 0.10817834233108077,
            "SWIR1": 0.23516063196695577,
            "SWIR2": 0.16373226350320547,
            "TEMP1": 277.31753797502574,
            "NIR": 0.2372069978218895,
            "DMSP": 11.116300653831821,
            "VIIRS": 3.6122894881176495
        },
        "stds": {
            "BLUE": 0.03487597709623345,
            "GREEN": 0.049006184922472606,
            "RED": 0.06999799936651305,
            "SWIR1": 0.12378206847909426,
            "SWIR2": 0.10630407325532908,
            "TEMP1": 77.3461203792204,
            "NIR": 0.09368173927053573,
            "DMSP": 16.860111238407622,
            "VIIRS": 12.242644108621425
        },
        "mins": {
            "BLUE": 0.0,
            "GREEN": 0.0,
            "RED": 0.0,
            "SWIR1": 0.0,
            "SWIR2": 0.0,
            "TEMP1": 0.0,
            "NIR": 0.0,
            "DMSP": 1.0,
            "VIIRS": 0.0
        },
        "maxs": {
            "BLUE": 2.0,
            "GREEN": 2.0,
            "RED": 2.0,
            "SWIR1": 2.0,
            "SWIR2": 2.0,
            "TEMP1": 1147.550048828125,
            "NIR": 2.0,
            "DMSP": 63.0,
            "VIIRS": 3104.14013671875
        },
        "norm_mins": {
            "BLUE": -1.8231045375557715,
            "GREEN": -1.8822896790247712,
            "RED": -1.5454490601174689,
            "SWIR1": -1.8997956235209659,
            "SWIR2": -1.540225679875324,
            "TEMP1": -3.58540979968181,
            "NIR": -2.5320516001189843,
            "DMSP": -0.6000138736206387,
            "VIIRS": -0.2950579512128291
        },
        "norm_maxs": {
            "BLUE": 55.52295904315454,
            "GREEN": 38.928885546387775,
            "RED": 27.02679611974688,
            "SWIR1": 14.25763351443033,
            "SWIR2": 17.27372884467286,
            "TEMP1": 11.25114623185281,
            "NIR": 18.816826159551614,
            "DMSP": 3.077304687526392,
            "VIIRS": 253.25638969176612
        }
    },
    "C": {
        "means": {
            "BLUE": 0.06205937372049683,
            "GREEN": 0.08975428207109554,
            "RED": 0.10313979887538,
            "SWIR1": 0.22386962311882683,
            "SWIR2": 0.15307597728347816,
            "TEMP1": 275.90821067914425,
            "NIR": 0.23650789668020575,
            "DMSP": 12.787001658793324,
            "VIIRS": 3.7333737647810783
        },
        "stds": {
            "BLUE": 0.033696028909582586,
            "GREEN": 0.04807990381984863,
            "RED": 0.06779972131305402,
            "SWIR1": 0.1170899061976841,
            "SWIR2": 0.10037036005249958,
            "TEMP1": 79.78949208581791,
            "NIR": 0.09369451907784064,
            "DMSP": 17.659937471770018,
            "VIIRS": 10.665655436984927
        },
        "mins": {
            "BLUE": 0.0,
            "GREEN": 0.0,
            "RED": 0.0,
            "SWIR1": 0.0,
            "SWIR2": 0.0,
            "TEMP1": 0.0,
            "NIR": 0.0,
            "DMSP": 1.0,
            "VIIRS": 0.0
        },
        "maxs": {
            "BLUE": 2.0,
            "GREEN": 2.0,
            "RED": 2.0,
            "SWIR1": 2.0,
            "SWIR2": 2.0,
            "TEMP1": 1150.550048828125,
            "NIR": 2.0,
            "DMSP": 63.0,
            "VIIRS": 2672.51123046875
        },
        "norm_mins": {
            "BLUE": -1.8417414671331844,
            "GREEN": -1.866773328153844,
            "RED": -1.521242224568284,
            "SWIR1": -1.9119463870853686,
            "SWIR2": -1.5251113695657808,
            "TEMP1": -3.4579517110146543,
            "NIR": -2.524244737130428,
            "DMSP": -0.6674430007260913,
            "VIIRS": -0.35003697492748415
        },
        "norm_maxs": {
            "BLUE": 57.51243363066991,
            "GREEN": 39.730647654505205,
            "RED": 27.97740410120834,
            "SWIR1": 15.168945253765203,
            "SWIR2": 18.401089940799977,
            "TEMP1": 10.961867475083762,
            "NIR": 18.821721064117952,
            "DMSP": 2.843328206652701,
            "VIIRS": 250.22164577429902
        }
    },
    "D": {
        "means": {
            "BLUE": 0.06502508712296677,
            "GREEN": 0.09375815663219018,
            "RED": 0.10850103724971417,
            "SWIR1": 0.2270760294458693,
            "SWIR2": 0.15847034673451463,
            "TEMP1": 278.90756593103004,
            "NIR": 0.2367952775266132,
            "DMSP": 15.376355737750433,
            "VIIRS": 7.034115359312365
        },
        "stds": {
            "BLUE": 0.035761564786289265,
            "GREEN": 0.05103066357304954,
            "RED": 0.07113320281598196,
            "SWIR1": 0.1184045018917506,
            "SWIR2": 0.10356307520787272,
            "TEMP1": 75.35289605063659,
            "NIR": 0.09200157949117943,
            "DMSP": 20.274747718109005,
            "VIIRS": 19.707296704510867
        },
        "mins": {
            "BLUE": 0.0,
            "GREEN": 0.0,
            "RED": 0.0,
            "SWIR1": 0.0,
            "SWIR2": 0.0,
            "TEMP1": 0.0,
            "NIR": 0.0,
            "DMSP": 1.0,
            "VIIRS": 0.0
        },
        "maxs": {
            "BLUE": 2.0,
            "GREEN": 2.0,
            "RED": 2.0,
            "SWIR1": 2.0,
            "SWIR2": 2.0,
            "TEMP1": 1150.550048828125,
            "NIR": 2.0,
            "DMSP": 63.0,
            "VIIRS": 761.8800048828125
        },
        "norm_mins": {
            "BLUE": -1.8182953545672849,
            "GREEN": -1.837290563505547,
            "RED": -1.5253219727839464,
            "SWIR1": -1.9177989503597581,