{
    "A": {
        "means": {
            "BLUE": 0.06360455572912506,
            "GREEN": 0.09262804517973283,
            "RED": 0.10972740816220275,
            "SWIR1": 0.2407022477221805,
            "SWIR2": 0.16803419025307592,
            "TEMP1": 280.6565794036766,
            "NIR": 0.23851499079921085,
            "DMSP": 8.933703042869928,
            "VIIRS": 2.29617959347731
        },
        "stds": {
            "BLUE": 0.03309535671653679,
            "GREEN": 0.04675552788582602,
            "RED": 0.06754147301818719,
            "SWIR1": 0.12227722212351311,
            "SWIR2": 0.10582268823376127,
            "TEMP1": 71.96529911965513,
            "NIR": 0.08896809147113395,
            "DMSP": 14.241036363046796,
            "VIIRS": 7.162255993071158
        },
        "mins": {
            "BLUE": 0.0,
            "GREEN": 0.0,
            "RED": 0.0,
            "SWIR1": 0.0,
            "SWIR2": 0.0,
            "TEMP1": 0.0,
            "NIR": 0.0,
            "DMSP": 1.0,
            "VIIRS": 0.0
        },
        "maxs": {
            "BLUE": 2.0,
            "GREEN": 2.0,
            "RED": 2.0,
            "SWIR1": 2.0,
            "SWIR2": 2.0,
            "TEMP1": 1147.550048828125,
            "NIR": 2.0,
            "DMSP": 63.0,
            "VIIRS": 732.655029296875
        },
        "norm_mins": {
            "BLUE": -1.921857385430256,
            "GREEN": -1.9811143060115701,
            "RED": -1.6245930575522978,
            "SWIR1": -1.9684962051153354,
            "SWIR2": -1.5878843474651678,
            "TEMP1": -3.899887624131667,
            "NIR": -2.6809048823599637,
            "DMSP": -0.557101522713376,
            "VIIRS": -0.32059446013918774
        },
        "norm_maxs": {
            "BLUE": 58.50958069001004,
            "GREEN": 40.794576407691224,
            "RED": 27.986842859183646,
            "SWIR1": 14.387779847507003,
            "SWIR2": 17.311654431799443,
            "TEMP1": 12.045992721896196,
            "NIR": 19.79906481159383,
            "DMSP": 3.796514212787451,
            "VIIRS": 101.97329590145264
        }
    },
    "B": {
        "means": {
            "BLUE": 0.06632918117764365,
            "GREEN": 0.09619122405415988,
            "RED": 0.11011984271506425,
            "SWIR1": 0.2265780163717745,
            "SWIR2": 0.157395758017985,
            "TEMP1": 286.1521623722601,
            "NIR": 0.2438556686816585,
            "DMSP": 17.208387296231756,
            "VIIRS": 8.472798114929414
        },
        "stds": {
            "BLUE": 0.035777616756772025,
            "GREEN": 0.05115949058963702,
            "RED": 0.07171462733608196,
            "SWIR1": 0.113459439393222,
            "SWIR2": 0.1010658911761993,
            "TEMP1": 60.89487994783108,
            "NIR": 0.08632014195155548,
            "DMSP": 21.43161793273382,
            "VIIRS": 21.29980856101
        },
        "mins": {
            "BLUE": 0.0,
            "GREEN": 0.0,
            "RED": 0.0,
            "SWIR1": 0.0,
            "SWIR2": 0.0,
            "TEMP1": 0.0,
            "NIR": 0.0,
            "DMSP": 1.0,
            "VIIRS": 0.0
        },
        "maxs": {
            "BLUE": 2.0,
            "GREEN": 2.0,
            "RED": 2.0,
            "SWIR1": 2.0,
            "SWIR2": 2.0,
            "TEMP1": 1150.550048828125,
            "NIR": 2.0,
            "DMSP": 63.0,
            "VIIRS": 761.8800048828125
        },
        "norm_mins": {
            "BLUE": -1.853929556811209,
            "GREEN": -1.880222475742254,
            "RED": -1.5355283406689249,
            "SWIR1": -1.9969957333079342,
            "SWIR2": -1.557357840377419,
            "TEMP1": -4.699116947392095,
            "NIR": -2.825014685662994,
            "DMSP": -0.7562838861304865,
            "VIIRS": -0.3977875242709528
        },
        "norm_maxs": {
            "BLUE": 54.04694314794875,
            "GREEN": 37.21320822399822,
            "RED": 26.35278502429135,
            "SWIR1": 15.630449023126133,
            "SWIR2": 18.23171220812371,
            "TEMP1": 14.194918968497818,
            "NIR": 20.344548695296673,
            "DMSP": 2.1366381599136255,
            "VIIRS": 35.371548275181205
        }
    },
    "C": {
        "means": {
            "BLUE": 0.06394182326278453,
            "GREEN": 0.09220740796376099,
            "RED": 0.1051839556729038,
            "SWIR1": 0.21878776684851803,
            "SWIR2": 0.1521146260279741,
            "TEMP1": 274.4118304671804,
            "NIR": 0.23503034632002393,
            "DMSP": 17.848558760855887,
            "VIIRS": 8.489531110402668
        },
        "stds": {
            "BLUE": 0.037809348543696,
            "GREEN": 0.052904084305143845,
            "RED": 0.07242426090892609,
            "SWIR1": 0.11766741067393124,
            "SWIR2": 0.10327043336403956,
            "TEMP1": 81.97909140934163,
            "NIR": 0.09694910770731283,
            "DMSP": 21.57656605137848,
            "VIIRS": 21.53827938195133
        },
        "mins": {
            "BLUE": 0.0,
            "GREEN": 0.0,
            "RED": 0.0,
            "SWIR1": 0.0,
            "SWIR2": 0.0,
            "TEMP1": 0.0,
            "NIR": 0.0,
            "DMSP": 1.0,
            "VIIRS": 0.0
        },
        "maxs": {
            "BLUE": 2.0,
            "GREEN": 2.0,
            "RED": 2.0,
            "SWIR1": 2.0,
            "SWIR2": 2.0,
            "TEMP1": 1150.550048828125,
            "NIR": 2.0,
            "DMSP": 63.0,
            "VIIRS": 3104.14013671875
        },
        "norm_mins": {
            "BLUE": -1.6911643740406532,
            "GREEN": -1.74291662307055,
            "RED": -1.4523303980302016,
            "SWIR1": -1.8593743636868318,
            "SWIR2": -1.4729736389480756,
            "TEMP1": -3.34733925138271,
            "NIR": -2.424265182817105,
            "DMSP": -0.7808730416478608,
            "VIIRS": -0.3941601350717334
        },
        "norm_maxs": {
            "BLUE": 51.2058062703653,
            "GREEN": 36.06134794872057,
            "RED": 26.162725315344783,
            "SWIR1": 15.137685302580577,
            "SWIR2": 17.89365371846585,
            "TEMP1": 10.687337506415782,
            "NIR": 18.205114986807096,
            "DMSP": 2.092614790121317,
            "VIIRS": 143.7278508051318
        }
    },
    "D": {
        "means": {
            "BLUE": 0.06795382055992542,
            "GREEN": 0.09812554127503308,
            "RED": 0.11526599129926458,
            "SWIR1": 0.23607808824253237,
            "SWIR2": 0.16843499937882392,
            "TEMP1": 278.53770277591235,
            "NIR": 0.23773417004679331,
            "DMSP": 17.332283712399878,
            "VIIRS": 7.898354574704103
        },
        "stds": {
            "BLUE": 0.03787736657631346,
            "GREEN": 0.05415582626253797,
            "RED": 0.07582139072709213,
            "SWIR1": 0.1269986247832075,
            "SWIR2": 0.11029306100331798,
            "TEMP1": 76.72656780864641,
            "NIR": 0.09539113384792494,
            "DMSP": 21.28876903970462,
            "VIIRS": 21.07593337664915
        },
        "mins": {
            "BLUE": 0.0,
            "GREEN": 0.0,
            "RED": 0.0,
            "SWIR1": 0.0,
            "SWIR2": 0.0,
            "TEMP1": 0.0,
            "NIR": 0.0,
            "DMSP": 1.0,
            "VIIRS": 0.0
        },
        "maxs": {
            "BLUE": 2.0,
            "GREEN": 2.0,
            "RED": 2.0,
            "SWIR1": 2.0,
            "SWIR2": 2.0,
            "TEMP1": 1150.550048828125,
            "NIR": 2.0,
            "DMSP": 63.0,
            "VIIRS": 3104.14013671875
        },
        "norm_mins": {
            "BLUE": -1.7940481797491228,
            "GREEN": -1.811911073045726,
            "RED": -1.5202305074322293,
            "SWIR1": -1.8589027136752743,
            "SWIR2": -1.5271586249089308,