{
    "A": {
        "means": {
            "BLUE": 0.06103904772030747,
            "GREEN": 0.08819310768521182,
            "RED": 0.10241628074375692,
            "SWIR1": 0.22730009313908295,
            "SWIR2": 0.15614495410060134,
            "TEMP1": 275.7150286356834,
            "NIR": 0.23266401394989006,
            "DMSP": 10.400799810182162,
            "VIIRS": 3.3243600257091392
        },
        "stds": {
            "BLUE": 0.03410291798231568,
            "GREEN": 0.04704926274060349,
            "RED": 0.06627215726959335,
            "SWIR1": 0.11772377958255657,
            "SWIR2": 0.10105677797007923,
            "TEMP1": 79.67516098909654,
            "NIR": 0.09208936855905542,
            "DMSP": 15.953596328112186,
            "VIIRS": 12.113079325230236
        },
        "mins": {
            "BLUE": 0.0,
            "GREEN": 0.0,
            "RED": 0.0,
            "SWIR1": 0.0,
            "SWIR2": 0.0,
            "TEMP1": 0.0,
            "NIR": 0.0,
            "DMSP": 1.0,
            "VIIRS": 0.0
        },
        "maxs": {
            "BLUE": 2.0,
            "GREEN": 2.0,
            "RED": 2.0,
            "SWIR1": 2.0,
            "SWIR2": 2.0,
            "TEMP1": 1150.550048828125,
            "NIR": 2.0,
            "DMSP": 63.0,
            "VIIRS": 3104.14013671875
        },
        "norm_mins": {
            "BLUE": -1.7898482397300937,
            "GREEN": -1.8744843712312036,
            "RED": -1.545389269993585,
            "SWIR1": -1.930791671360529,
            "SWIR2": -1.5451210422207657,
            "TEMP1": -3.4604891312791284,
            "NIR": -2.5265024355193226,
            "DMSP": -0.5892589743929276,
            "VIIRS": -0.27444384177232756
        },
        "norm_maxs": {
            "BLUE": 56.85615973639426,
            "GREEN": 40.634151970778916,
            "RED": 28.63319676673454,
            "SWIR1": 15.058129403819978,
            "SWIR2": 18.24573356618717,
            "TEMP1": 10.98002199596637,
            "NIR": 19.191531158308965,
            "DMSP": 3.2970121036052302,
            "VIIRS": 255.9890588873117
        }
    },
    "B": {
        "means": {
            "BLUE": 0.0656109471708313,
            "GREEN": 0.09492044987431232,
            "RED": 0.1106596965688973,
            "SWIR1": 0.23155533539627746,
            "SWIR2": 0.1624644868120556,
            "TEMP1": 277.94409117559235,
            "NIR": 0.23784424683344776,
            "DMSP": 14.828948249164114,
            "VIIRS": 6.409056406411618
        },
        "stds": {
            "BLUE": 0.036083411088922566,
            "GREEN": 0.0518561211111295,
            "RED": 0.07300366814942148,
            "SWIR1": 0.12386140692442296,
            "SWIR2": 0.1069521659783065,
            "TEMP1": 77.25817813250868,
            "NIR": 0.09431815425245545,
            "DMSP": 19.87845202012667,
            "VIIRS": 18.424586157277595
        },
        "mins": {
            "BLUE": 0.0,
            "GREEN": 0.0,
            "RED": 0.0,
            "SWIR1": 0.0,
            "SWIR2": 0.0,
            "TEMP1": 0.0,
            "NIR": 0.0,
            "DMSP": 1.0,
            "VIIRS": 0.0
        },
        "maxs": {
            "BLUE": 2.0,
            "GREEN": 2.0,
            "RED": 2.0,
            "SWIR1": 2.0,
            "SWIR2": 2.0,
            "TEMP1": 1150.550048828125,
            "NIR": 2.0,
            "DMSP": 63.0,
            "VIIRS": 3104.14013671875
        },
        "norm_mins": {
            "BLUE": -1.8183133243457004,
            "GREEN": -1.83045796408286,
            "RED": -1.5158100870000493,
            "SWIR1": -1.869471219050229,
            "SWIR2": -1.5190387714542302,
            "TEMP1": -3.597600899918699,
            "NIR": -2.5217228721082168,
            "DMSP": -0.6956753088803136,
            "VIIRS": -0.34785347967667
        },
        "norm_maxs": {
            "BLUE": 53.60881896842111,
            "GREEN": 36.73779506267032,
            "RED": 25.880073581563927,
            "SWIR1": 14.277608405358919,
            "SWIR2": 17.180909768210384,
            "TEMP1": 11.294674282325042,
            "NIR": 18.683102602388733,
            "DMSP": 2.423279825917196,
            "VIIRS": 168.13029361252458
        }
    },
    "C": {
        "means": {
            "BLUE": 0.0668800775749542,
            "GREEN": 0.09672488725313381,
            "RED": 0.11249061629773728,
            "SWIR1": 0.2319828156909946,
            "SWIR2": 0.16323598423182945,
            "TEMP1": 280.4199107908542,
            "NIR": 0.24038146051554207,
            "DMSP": 16.33791739290281,
            "VIIRS": 7.118758298645825
        },
        "stds": {
            "BLUE": 0.035849760256766686,
            "GREEN": 0.05146688179663186,
            "RED": 0.07264285707438708,
            "SWIR1": 0.12224681525272058,
            "SWIR2": 0.10685367042382707,
            "TEMP1": 73.12344530241717,
            "NIR": 0.09234571790148498,
            "DMSP": 20.761019536906062,
            "VIIRS": 19.340473982564806
        },
        "mins": {
            "BLUE": 0.0,
            "GREEN": 0.0,
            "RED": 0.0,
            "SWIR1": 0.0,
            "SWIR2": 0.0,
            "TEMP1": 0.0,
            "NIR": 0.0,
            "DMSP": 1.0,
            "VIIRS": 0.0
        },
        "maxs": {
            "BLUE": 2.0,
            "GREEN": 2.0,
            "RED": 2.0,
            "SWIR1": 2.0,
            "SWIR2": 2.0,
            "TEMP1": 1147.550048828125,
            "NIR": 2.0,
            "DMSP": 63.0,
            "VIIRS": 3104.14013671875
        },
        "norm_mins": {
            "BLUE": -1.8655655462111636,
            "GREEN": -1.8793617152742246,
            "RED": -1.5485433919889144,
            "SWIR1": -1.897659380421625,
            "SWIR2": -1.527659120967639,
            "TEMP1": -3.834883731628338,
            "NIR": -2.60306017407307,
            "DMSP": -0.7387844014903597,
            "VIIRS": -0.36807568961667103
        },
        "norm_maxs": {
            "BLUE": 53.92281311170462,
            "GREEN": 36.98057947764424,
            "RED": 25.98341336945809,
            "SWIR1": 14.462685024996253,
            "SWIR2": 17.18952665343908,
            "TEMP1": 11.85844204209846,
            "NIR": 19.054684715989005,
            "DMSP": 2.247581460252846,
            "VIIRS": 160.13161731258654
        }
    },
    "D": {
        "means": {
            "BLUE": 0.06732681604343765,
            "GREEN": 0.09743986624772952,
            "RED": 0.11372408909258641,
            "SWIR1": 0.23504777279693903,
            "SWIR2": 0.16596787375588132,
            "TEMP1": 281.91684497506395,
            "NIR": 0.24122375859418196,
            "DMSP": 16.021078403444342,
            "VIIRS": 6.995991601285763
        },
        "stds": {
            "BLUE": 0.03659441537629263,
            "GREEN": 0.05126600061497925,
            "RED": 0.07248872375238534,
            "SWIR1": 0.12242787696243909,
            "SWIR2": 0.1071190165660748,
            "TEMP1": 70.33120454619304,
            "NIR": 0.0913070422042215,
            "DMSP": 20.630733006877286,
            "VIIRS": 19.18167098842137
        },
        "mins": {
            "BLUE": 0.0,
            "GREEN": 0.0,
            "RED": 0.0,
            "SWIR1": 0.0,
            "SWIR2": 0.0,
            "TEMP1": 0.0,
            "NIR": 0.0,
            "DMSP": 1.0,
            "VIIRS": 0.0
        },
        "maxs": {
            "BLUE": 2.0,
            "GREEN": 2.0,
            "RED": 2.0,
            "SWIR1": 2.0,
            "SWIR2": 2.0,
            "TEMP1": 1147.550048828125,
            "NIR": 2.0,
            "DMSP": 63.0,
            "VIIRS": 2672.51123046875
        },
        "norm_mins": {
            "BLUE": -1.8398112212240654,
            "GREEN": -1.9006722794611537,
            "RED": -1.5688521359688605,
            "SWIR1": -1.9198876810471177,
            "SWIR2": -1.549378243717412,